Média_Idades,Epsilon
41.44929537539207,0.1
41.44872587433564,0.5
41.44893001746651,1.0
41.44865467512914,10.0
