Média_Idades,Epsilon
265912.53195644886,0.1
265915.40875059576,0.5
265914.09808089735,1.0
265914.05802845344,10.0
