Média_Idades,Epsilon
265918.37994489766,0.1
265914.49563913606,0.5
265914.0267819715,1.0
265913.9590421285,10.0
